{"coco/bbox_mAP": 0.783, "coco/bbox_mAP_50": 0.967, "coco/bbox_mAP_75": 0.967, "coco/bbox_mAP_s": -1.0, "coco/bbox_mAP_m": -1.0, "coco/bbox_mAP_l": 0.783, "data_time": 0.37935415181246673, "time": 0.6642373258417303}